M,K,N,solution_index,status,bad_reps,total_reps
1,1,1,537657398,clean,0,30
1,1,1,537657399,clean,0,30
1,1,1,537657400,broken,2,30
1,1,1,537657401,clean,0,30
1,1,1,537657416,broken,3,30
1,1,1,537657417,broken,16,30
1,1,1,537657423,clean,0,30
1,1,1,537657429,broken,4,30
1,1,1,55,clean,0,30
1,1,1,56,clean,0,30
8,8,8,537657391,clean,0,30
8,8,8,537657392,broken,16,30
8,8,8,537657393,broken,6,30
8,8,8,537657394,broken,30,30
8,8,8,537657395,broken,11,30
8,8,8,537657396,broken,18,30
8,8,8,537657397,clean,0,30
8,8,8,537657398,broken,25,30
8,8,8,537657399,clean,0,30
8,8,8,537657400,broken,4,30
8,8,8,537657401,clean,0,30
8,8,8,537657402,broken,10,30
8,8,8,537657403,broken,25,30
8,8,8,537657404,clean,0,30
8,8,8,537657405,broken,10,30
8,8,8,537657407,clean,0,30
8,8,8,537657408,clean,0,30
8,8,8,537657409,clean,0,30
8,8,8,537657410,clean,0,30
8,8,8,537657411,clean,0,30
8,8,8,537657413,clean,0,30
8,8,8,537657415,clean,0,30
8,8,8,537657416,clean,0,30
8,8,8,537657417,broken,25,30
8,8,8,537657418,broken,10,30
8,8,8,537657419,clean,0,30
8,8,8,537657421,broken,8,30
8,8,8,537657422,broken,17,30
8,8,8,537657423,broken,4,30
8,8,8,537657424,broken,17,30
8,8,8,537657426,clean,0,30
8,8,8,537657427,broken,10,30
8,8,8,537657428,broken,8,30
8,8,8,537657429,broken,10,30
8,8,8,537657430,clean,0,30
8,8,8,537657431,clean,0,30
8,8,8,537657433,clean,0,30
8,8,8,537657435,broken,25,30
8,8,8,537657438,clean,0,30
8,8,8,537657439,broken,5,30
8,8,8,537657441,clean,0,30
8,8,8,537657443,clean,0,30
8,8,8,537657444,clean,0,30
8,8,8,537657446,clean,0,30
8,8,8,537657448,clean,0,30
8,8,8,537657449,clean,0,30
8,8,8,537657450,clean,0,30
8,8,8,537657451,clean,0,30
8,8,8,537657452,clean,0,30
8,8,8,55,clean,0,30
8,8,8,56,clean,0,30
8,8,8,537657387,clean,0,30
8,8,8,537657388,broken,6,30
8,8,8,537657389,clean,0,30
8,8,8,537657390,clean,0,30
16,16,16,537657391,clean,0,30
16,16,16,537657392,broken,16,30
16,16,16,537657393,broken,30,30
16,16,16,537657394,broken,30,30
16,16,16,537657395,broken,30,30
16,16,16,537657396,broken,21,30
16,16,16,537657397,clean,0,30
16,16,16,537657398,broken,25,30
16,16,16,537657399,clean,0,30
16,16,16,537657400,broken,4,30
16,16,16,537657401,clean,0,30
16,16,16,537657402,broken,10,30
16,16,16,537657403,broken,25,30
16,16,16,537657404,broken,23,30
16,16,16,537657405,broken,10,30
16,16,16,537657407,clean,0,30
16,16,16,537657408,clean,0,30
16,16,16,537657409,clean,0,30
16,16,16,537657410,broken,28,30
16,16,16,537657411,broken,30,30
16,16,16,537657413,broken,25,30
16,16,16,537657415,clean,0,30
16,16,16,537657416,clean,0,30
16,16,16,537657417,broken,25,30
16,16,16,537657418,broken,10,30
16,16,16,537657419,clean,0,30
16,16,16,537657421,broken,8,30
16,16,16,537657422,broken,17,30
16,16,16,537657423,broken,4,30
16,16,16,537657424,broken,27,30
16,16,16,537657426,broken,25,30
16,16,16,537657427,broken,10,30
16,16,16,537657428,broken,30,30
16,16,16,537657429,broken,30,30
16,16,16,537657430,broken,23,30
16,16,16,537657431,clean,0,30
16,16,16,537657433,clean,0,30
16,16,16,537657435,broken,25,30
16,16,16,537657438,clean,0,30
16,16,16,537657439,broken,5,30
16,16,16,537657441,clean,0,30
16,16,16,537657443,clean,0,30
16,16,16,537657444,clean,0,30
16,16,16,537657446,clean,0,30
16,16,16,537657448,clean,0,30
16,16,16,537657449,clean,0,30
16,16,16,537657450,clean,0,30
16,16,16,537657451,clean,0,30
16,16,16,537657452,clean,0,30
16,16,16,55,clean,0,30
16,16,16,56,clean,0,30
16,16,16,537657387,clean,0,30
16,16,16,537657388,broken,30,30
16,16,16,537657389,broken,30,30
16,16,16,537657390,broken,30,30
32,32,32,537657391,broken,30,30
32,32,32,537657392,broken,30,30
32,32,32,537657393,broken,30,30
32,32,32,537657394,broken,30,30
32,32,32,537657395,broken,30,30
32,32,32,537657396,broken,27,30
32,32,32,537657397,broken,30,30
32,32,32,537657398,broken,30,30
32,32,32,537657399,broken,30,30
32,32,32,537657400,broken,30,30
32,32,32,537657401,broken,30,30
32,32,32,537657402,broken,30,30
32,32,32,537657403,broken,30,30
32,32,32,537657404,broken,30,30
32,32,32,537657405,broken,30,30
32,32,32,537657407,broken,29,30
32,32,32,537657408,broken,30,30
32,32,32,537657409,broken,30,30
32,32,32,537657410,broken,30,30
32,32,32,537657411,broken,30,30
32,32,32,537657413,broken,30,30
32,32,32,537657415,broken,30,30
32,32,32,537657416,broken,30,30
32,32,32,537657417,broken,30,30
32,32,32,537657418,broken,30,30
32,32,32,537657419,broken,30,30
32,32,32,537657421,broken,30,30
32,32,32,537657422,broken,30,30
32,32,32,537657423,broken,30,30
32,32,32,537657424,broken,30,30
32,32,32,537657426,broken,30,30
32,32,32,537657427,broken,30,30
32,32,32,537657428,broken,30,30
32,32,32,537657429,broken,30,30
32,32,32,537657430,broken,30,30
32,32,32,537657431,broken,30,30
32,32,32,537657433,broken,30,30
32,32,32,537657435,broken,30,30
32,32,32,537657438,broken,30,30
32,32,32,537657439,broken,18,30
32,32,32,537657441,clean,0,30
32,32,32,537657443,clean,0,30
32,32,32,537657444,clean,0,30
32,32,32,537657446,clean,0,30
32,32,32,537657448,clean,0,30
32,32,32,537657449,clean,0,30
32,32,32,537657450,clean,0,30
32,32,32,537657451,clean,0,30
32,32,32,537657452,clean,0,30
32,32,32,55,clean,0,30
32,32,32,56,clean,0,30
32,32,32,537657387,broken,26,30
32,32,32,537657388,broken,30,30
32,32,32,537657389,broken,30,30
32,32,32,537657390,broken,30,30
37,91,613,537657391,broken,10,30
37,91,613,537657392,broken,30,30
37,91,613,537657393,broken,5,30
37,91,613,537657394,broken,1,30
37,91,613,537657395,broken,30,30
37,91,613,537657396,broken,4,30
37,91,613,537657397,clean,0,30
37,91,613,537657398,broken,1,30
37,91,613,537657399,broken,30,30
37,91,613,537657400,broken,30,30
37,91,613,537657401,broken,30,30
37,91,613,537657402,broken,1,30
37,91,613,537657403,broken,30,30
37,91,613,537657404,broken,30,30
37,91,613,537657405,broken,30,30
37,91,613,537657407,broken,29,30
37,91,613,537657408,broken,9,30
37,91,613,537657409,broken,12,30
37,91,613,537657410,broken,30,30
37,91,613,537657411,broken,30,30
37,91,613,537657413,broken,30,30
37,91,613,537657415,broken,1,30
37,91,613,537657416,broken,29,30
37,91,613,537657417,broken,30,30
37,91,613,537657418,broken,30,30
37,91,613,537657419,broken,30,30
37,91,613,537657421,broken,30,30
37,91,613,537657422,broken,1,30
37,91,613,537657423,broken,30,30
37,91,613,537657424,broken,1,30
37,91,613,537657426,broken,1,30
37,91,613,537657427,clean,0,30
37,91,613,537657428,broken,30,30
37,91,613,537657429,broken,29,30
37,91,613,537657430,broken,30,30
37,91,613,537657431,broken,1,30
37,91,613,537657433,clean,0,30
37,91,613,537657435,broken,1,30
37,91,613,537657438,broken,30,30
37,91,613,537657439,broken,5,30
37,91,613,537657441,clean,0,30
37,91,613,537657443,clean,0,30
37,91,613,537657444,clean,0,30
37,91,613,537657446,clean,0,30
37,91,613,537657448,clean,0,30
37,91,613,537657449,clean,0,30
37,91,613,537657450,broken,30,30
37,91,613,537657451,broken,20,30
37,91,613,537657452,broken,30,30
37,91,613,55,broken,1,30
37,91,613,56,clean,0,30
37,91,613,537657387,broken,7,30
37,91,613,537657388,broken,30,30
37,91,613,537657389,broken,5,30
37,91,613,537657390,broken,4,30
40,72,800,537657391,broken,10,30
40,72,800,537657392,broken,30,30
40,72,800,537657393,broken,4,30
40,72,800,537657394,broken,1,30
40,72,800,537657395,broken,30,30
40,72,800,537657396,broken,2,30
40,72,800,537657397,broken,6,30
40,72,800,537657398,broken,30,30
40,72,800,537657399,broken,30,30
40,72,800,537657400,broken,30,30
40,72,800,537657401,broken,30,30
40,72,800,537657402,broken,1,30
40,72,800,537657403,broken,30,30
40,72,800,537657404,broken,30,30
40,72,800,537657405,broken,30,30
40,72,800,537657407,broken,1,30
40,72,800,537657408,clean,0,30
40,72,800,537657409,clean,0,30
40,72,800,537657410,broken,30,30
40,72,800,537657411,broken,30,30
40,72,800,537657413,broken,1,30
40,72,800,537657415,broken,1,30
40,72,800,537657416,broken,30,30
40,72,800,537657417,broken,30,30
40,72,800,537657418,broken,1,30
40,72,800,537657419,clean,0,30
40,72,800,537657421,broken,30,30
40,72,800,537657422,broken,1,30
40,72,800,537657423,broken,30,30
40,72,800,537657424,broken,29,30
40,72,800,537657426,broken,1,30
40,72,800,537657427,broken,28,30
40,72,800,537657428,broken,30,30
40,72,800,537657429,broken,1,30
40,72,800,537657430,broken,30,30
40,72,800,537657431,broken,1,30
40,72,800,537657433,clean,0,30
40,72,800,537657435,broken,3,30
40,72,800,537657438,broken,30,30
40,72,800,537657439,broken,2,30
40,72,800,537657441,clean,0,30
40,72,800,537657443,clean,0,30
40,72,800,537657444,clean,0,30
40,72,800,537657446,clean,0,30
40,72,800,537657448,clean,0,30
40,72,800,537657449,clean,0,30
40,72,800,537657450,broken,3,30
40,72,800,537657451,clean,0,30
40,72,800,537657452,broken,10,30
40,72,800,55,broken,3,30
40,72,800,56,clean,0,30
40,72,800,537657387,broken,3,30
40,72,800,537657388,broken,30,30
40,72,800,537657389,broken,4,30
40,72,800,537657390,broken,7,30
64,64,512,537657391,broken,1,30
64,64,512,537657392,broken,30,30
64,64,512,537657393,broken,30,30
64,64,512,537657394,broken,30,30
64,64,512,537657395,broken,30,30
64,64,512,537657396,broken,2,30
64,64,512,537657397,broken,16,30
64,64,512,537657398,broken,30,30
64,64,512,537657399,broken,30,30
64,64,512,537657400,broken,30,30
64,64,512,537657401,broken,25,30
64,64,512,537657402,broken,24,30
64,64,512,537657403,clean,0,30
64,64,512,537657404,broken,28,30
64,64,512,537657405,broken,2,30
64,64,512,537657407,broken,29,30
64,64,512,537657408,broken,19,30
64,64,512,537657409,broken,19,30
64,64,512,537657410,broken,19,30
64,64,512,537657411,broken,17,30
64,64,512,537657413,broken,30,30
64,64,512,537657415,broken,30,30
64,64,512,537657416,clean,0,30
64,64,512,537657417,broken,30,30
64,64,512,537657418,broken,2,30
64,64,512,537657419,clean,0,30
64,64,512,537657421,broken,30,30
64,64,512,537657422,broken,1,30
64,64,512,537657423,broken,29,30
64,64,512,537657424,broken,2,30
64,64,512,537657426,broken,1,30
64,64,512,537657427,clean,0,30
64,64,512,537657428,broken,28,30
64,64,512,537657429,broken,2,30
64,64,512,537657430,broken,1,30
64,64,512,537657431,broken,26,30
64,64,512,537657433,broken,27,30
64,64,512,537657435,broken,1,30
64,64,512,537657438,broken,21,30
64,64,512,537657439,broken,3,30
64,64,512,537657441,broken,29,30
64,64,512,537657443,broken,30,30
64,64,512,537657444,broken,2,30
64,64,512,537657446,clean,0,30
64,64,512,537657448,clean,0,30
64,64,512,537657449,clean,0,30
64,64,512,537657450,clean,0,30
64,64,512,537657451,clean,0,30
64,64,512,537657452,clean,0,30
64,64,512,55,broken,1,30
64,64,512,56,clean,0,30
64,64,512,537657387,clean,0,30
64,64,512,537657388,broken,27,30
64,64,512,537657389,broken,30,30
64,64,512,537657390,broken,29,30
100,100,100,537657391,broken,4,30
100,100,100,537657392,broken,30,30
100,100,100,537657393,broken,28,30
100,100,100,537657394,broken,30,30
100,100,100,537657395,broken,30,30
100,100,100,537657396,broken,30,30
100,100,100,537657397,broken,30,30
100,100,100,537657398,broken,30,30
100,100,100,537657399,broken,11,30
100,100,100,537657400,broken,30,30
100,100,100,537657401,broken,30,30
100,100,100,537657402,broken,30,30
100,100,100,537657403,broken,30,30
100,100,100,537657404,broken,30,30
100,100,100,537657405,broken,30,30
100,100,100,537657407,broken,30,30
100,100,100,537657408,broken,30,30
100,100,100,537657409,broken,30,30
100,100,100,537657410,broken,30,30
100,100,100,537657411,broken,30,30
100,100,100,537657413,broken,30,30
100,100,100,537657415,broken,5,30
100,100,100,537657416,broken,30,30
100,100,100,537657417,broken,30,30
100,100,100,537657418,broken,30,30
100,100,100,537657419,broken,30,30
100,100,100,537657421,broken,30,30
100,100,100,537657422,broken,29,30
100,100,100,537657423,broken,30,30
100,100,100,537657424,broken,30,30
100,100,100,537657426,broken,29,30
100,100,100,537657427,broken,30,30
100,100,100,537657428,broken,30,30
100,100,100,537657429,broken,30,30
100,100,100,537657430,broken,30,30
100,100,100,537657431,broken,30,30
100,100,100,537657433,broken,30,30
100,100,100,537657435,broken,2,30
100,100,100,537657438,broken,30,30
100,100,100,537657439,broken,28,30
100,100,100,537657441,broken,30,30
100,100,100,537657443,broken,30,30
100,100,100,537657444,broken,30,30
100,100,100,537657446,broken,30,30
100,100,100,537657448,broken,30,30
100,100,100,537657449,broken,30,30
100,100,100,537657450,broken,28,30
100,100,100,537657451,broken,30,30
100,100,100,537657452,broken,30,30
100,100,100,55,broken,8,30
100,100,100,56,clean,0,30
100,100,100,537657387,broken,2,30
100,100,100,537657388,broken,30,30
100,100,100,537657389,broken,30,30
100,100,100,537657390,broken,30,30
127,127,127,537657391,broken,1,30
127,127,127,537657392,broken,30,30
127,127,127,537657393,broken,1,30
127,127,127,537657394,broken,30,30
127,127,127,537657395,broken,30,30
127,127,127,537657396,broken,6,30
127,127,127,537657397,broken,29,30
127,127,127,537657398,broken,30,30
127,127,127,537657399,broken,30,30
127,127,127,537657400,broken,30,30
127,127,127,537657401,broken,24,30
127,127,127,537657402,broken,5,30
127,127,127,537657403,broken,28,30
127,127,127,537657404,broken,30,30
127,127,127,537657405,broken,3,30
127,127,127,537657407,clean,0,30
127,127,127,537657408,broken,4,30
127,127,127,537657409,clean,0,30
127,127,127,537657410,broken,29,30
127,127,127,537657411,broken,30,30
127,127,127,537657413,broken,1,30
127,127,127,537657415,clean,0,30
127,127,127,537657416,broken,29,30
127,127,127,537657417,broken,1,30
127,127,127,537657418,broken,1,30
127,127,127,537657419,clean,0,30
127,127,127,537657421,broken,30,30
127,127,127,537657422,broken,1,30
127,127,127,537657423,broken,29,30
127,127,127,537657424,broken,1,30
127,127,127,537657426,broken,19,30
127,127,127,537657427,clean,0,30
127,127,127,537657428,broken,30,30
127,127,127,537657429,broken,30,30
127,127,127,537657430,broken,30,30
127,127,127,537657431,broken,7,30
127,127,127,537657433,clean,0,30
127,127,127,537657435,broken,7,30
127,127,127,537657438,broken,30,30
127,127,127,537657439,broken,25,30
127,127,127,537657441,broken,30,30
127,127,127,537657443,broken,30,30
127,127,127,537657444,broken,30,30
127,127,127,537657446,broken,29,30
127,127,127,537657448,broken,30,30
127,127,127,537657449,broken,28,30
127,127,127,537657450,broken,30,30
127,127,127,537657451,broken,30,30
127,127,127,537657452,broken,30,30
127,127,127,55,broken,15,30
127,127,127,56,clean,0,30
127,127,127,537657387,clean,0,30
127,127,127,537657388,broken,30,30
127,127,127,537657389,broken,30,30
127,127,127,537657390,broken,30,30
128,128,1024,537657391,clean,0,30
128,128,1024,537657392,clean,0,30
128,128,1024,537657393,clean,0,30
128,128,1024,537657394,clean,0,30
128,128,1024,537657395,clean,0,30
128,128,1024,537657396,clean,0,30
128,128,1024,537657397,clean,0,30
128,128,1024,537657398,clean,0,30
128,128,1024,537657399,clean,0,30
128,128,1024,537657400,clean,0,30
128,128,1024,537657401,clean,0,30
128,128,1024,537657402,clean,0,30
128,128,1024,537657403,clean,0,30
128,128,1024,537657404,clean,0,30
128,128,1024,537657405,clean,0,30
128,128,1024,537657407,clean,0,30
128,128,1024,537657408,clean,0,30
128,128,1024,537657409,clean,0,30
128,128,1024,537657410,clean,0,30
128,128,1024,537657411,clean,0,30
128,128,1024,537657413,clean,0,30
128,128,1024,537657415,clean,0,30
128,128,1024,537657416,clean,0,30
128,128,1024,537657417,clean,0,30
128,128,1024,537657418,clean,0,30
128,128,1024,537657419,clean,0,30
128,128,1024,537657421,clean,0,30
128,128,1024,537657422,clean,0,30
128,128,1024,537657423,clean,0,30
128,128,1024,537657424,clean,0,30
128,128,1024,537657426,clean,0,30
128,128,1024,537657427,clean,0,30
128,128,1024,537657428,clean,0,30
128,128,1024,537657429,clean,0,30
128,128,1024,537657430,clean,0,30
128,128,1024,537657431,clean,0,30
128,128,1024,537657433,clean,0,30
128,128,1024,537657435,clean,0,30
128,128,1024,537657438,clean,0,30
128,128,1024,537657439,clean,0,30
128,128,1024,537657441,clean,0,30
128,128,1024,537657443,clean,0,30
128,128,1024,537657444,clean,0,30
128,128,1024,537657446,clean,0,30
128,128,1024,537657448,clean,0,30
128,128,1024,537657449,clean,0,30
128,128,1024,537657450,clean,0,30
128,128,1024,537657451,clean,0,30
128,128,1024,537657452,clean,0,30
128,128,1024,55,clean,0,30
128,128,1024,56,clean,0,30
128,128,1024,537657387,clean,0,30
128,128,1024,537657388,clean,0,30
128,128,1024,537657389,clean,0,30
128,128,1024,537657390,clean,0,30
129,129,129,537657391,broken,29,30
129,129,129,537657392,broken,30,30
129,129,129,537657393,broken,30,30
129,129,129,537657394,broken,30,30
129,129,129,537657395,broken,30,30
129,129,129,537657396,broken,6,30
129,129,129,537657397,broken,30,30
129,129,129,537657398,broken,30,30
129,129,129,537657399,broken,30,30
129,129,129,537657400,broken,30,30
129,129,129,537657401,broken,1,30
129,129,129,537657402,broken,29,30
129,129,129,537657403,broken,12,30
129,129,129,537657404,broken,30,30
129,129,129,537657405,broken,30,30
129,129,129,537657407,broken,30,30
129,129,129,537657408,broken,30,30
129,129,129,537657409,broken,30,30
129,129,129,537657410,broken,30,30
129,129,129,537657411,broken,30,30
129,129,129,537657413,broken,30,30
129,129,129,537657415,broken,30,30
129,129,129,537657416,broken,30,30
129,129,129,537657417,broken,30,30
129,129,129,537657418,broken,30,30
129,129,129,537657419,broken,30,30
129,129,129,537657421,broken,30,30
129,129,129,537657422,broken,30,30
129,129,129,537657423,broken,30,30
129,129,129,537657424,broken,30,30
129,129,129,537657426,broken,30,30
129,129,129,537657427,broken,1,30
129,129,129,537657428,broken,30,30
129,129,129,537657429,broken,30,30
129,129,129,537657430,broken,1,30
129,129,129,537657431,broken,30,30
129,129,129,537657433,broken,30,30
129,129,129,537657435,broken,30,30
129,129,129,537657438,broken,30,30
129,129,129,537657439,broken,30,30
129,129,129,537657441,broken,30,30
129,129,129,537657443,broken,30,30
129,129,129,537657444,broken,30,30
129,129,129,537657446,broken,30,30
129,129,129,537657448,broken,30,30
129,129,129,537657449,broken,30,30
129,129,129,537657450,broken,30,30
129,129,129,537657451,broken,30,30
129,129,129,537657452,broken,30,30
129,129,129,55,broken,30,30
129,129,129,56,broken,30,30
129,129,129,537657387,broken,30,30
129,129,129,537657388,broken,30,30
129,129,129,537657389,broken,30,30
129,129,129,537657390,broken,30,30
256,256,256,537657391,clean,0,30
256,256,256,537657392,clean,0,30
256,256,256,537657393,clean,0,30
256,256,256,537657394,clean,0,30
256,256,256,537657395,clean,0,30
256,256,256,537657396,clean,0,30
256,256,256,537657397,clean,0,30
256,256,256,537657398,clean,0,30
256,256,256,537657399,clean,0,30
256,256,256,537657400,clean,0,30
256,256,256,537657401,clean,0,30
256,256,256,537657402,clean,0,30
256,256,256,537657403,clean,0,30
256,256,256,537657404,clean,0,30
256,256,256,537657405,clean,0,30
256,256,256,537657407,clean,0,30
256,256,256,537657408,clean,0,30
256,256,256,537657409,clean,0,30
256,256,256,537657410,clean,0,30
256,256,256,537657411,clean,0,30
256,256,256,537657413,clean,0,30
256,256,256,537657415,clean,0,30
256,256,256,537657416,clean,0,30
256,256,256,537657417,clean,0,30
256,256,256,537657418,clean,0,30
256,256,256,537657419,clean,0,30
256,256,256,537657421,clean,0,30
256,256,256,537657422,clean,0,30
256,256,256,537657423,clean,0,30
256,256,256,537657424,clean,0,30
256,256,256,537657426,clean,0,30
256,256,256,537657427,clean,0,30
256,256,256,537657428,clean,0,30
256,256,256,537657429,clean,0,30
256,256,256,537657430,clean,0,30
256,256,256,537657431,clean,0,30
256,256,256,537657433,clean,0,30
256,256,256,537657435,clean,0,30
256,256,256,537657438,clean,0,30
256,256,256,537657439,clean,0,30
256,256,256,537657441,clean,0,30
256,256,256,537657443,clean,0,30
256,256,256,537657444,clean,0,30
256,256,256,537657446,clean,0,30
256,256,256,537657448,clean,0,30
256,256,256,537657449,clean,0,30
256,256,256,537657450,clean,0,30
256,256,256,537657451,clean,0,30
256,256,256,537657452,clean,0,30
256,256,256,55,clean,0,30
256,256,256,56,clean,0,30
256,256,256,537657387,clean,0,30
256,256,256,537657388,clean,0,30
256,256,256,537657389,clean,0,30
256,256,256,537657390,clean,0,30
512,512,512,537657391,clean,0,30
512,512,512,537657392,clean,0,30
512,512,512,537657393,clean,0,30
512,512,512,537657394,clean,0,30
512,512,512,537657395,clean,0,30
512,512,512,537657396,clean,0,30
512,512,512,537657397,clean,0,30
512,512,512,537657398,clean,0,30
512,512,512,537657399,clean,0,30
512,512,512,537657400,clean,0,30
512,512,512,537657401,clean,0,30
512,512,512,537657402,clean,0,30
512,512,512,537657403,clean,0,30
512,512,512,537657404,clean,0,30
512,512,512,537657405,clean,0,30
M,K,N,solution_index,status,bad_reps,total_reps
512,512,512,537657393,clean,0,30
512,512,512,537657394,clean,0,30
512,512,512,537657395,clean,0,30
512,512,512,537657396,clean,0,30
512,512,512,537657397,clean,0,30
512,512,512,537657398,clean,0,30
512,512,512,537657399,clean,0,30
512,512,512,537657400,clean,0,30
512,512,512,537657401,clean,0,30
512,512,512,537657402,clean,0,30
512,512,512,537657403,clean,0,30
512,512,512,537657404,clean,0,30
512,512,512,537657405,clean,0,30
512,512,512,537657407,clean,0,30
512,512,512,537657408,clean,0,30
512,512,512,537657409,clean,0,30
512,512,512,537657410,clean,0,30
512,512,512,537657411,clean,0,30
512,512,512,537657413,clean,0,30
512,512,512,537657415,clean,0,30
512,512,512,537657416,clean,0,30
512,512,512,537657417,clean,0,30
512,512,512,537657418,clean,0,30
512,512,512,537657419,clean,0,30
512,512,512,537657421,clean,0,30
512,512,512,537657387,clean,0,30
512,512,512,537657388,clean,0,30
512,512,512,56,clean,0,30
512,512,512,537657422,clean,0,30
512,512,512,537657423,clean,0,30
512,512,512,537657424,clean,0,30
512,512,512,537657426,clean,0,30
512,512,512,537657427,clean,0,30
512,512,512,537657428,clean,0,30
512,512,512,537657429,clean,0,30
512,512,512,537657430,clean,0,30
512,512,512,537657431,clean,0,30
512,512,512,537657433,clean,0,30
512,512,512,537657435,clean,0,30
512,512,512,537657438,clean,0,30
512,512,512,537657439,clean,0,30
512,512,512,537657441,clean,0,30
512,512,512,537657443,clean,0,30
512,512,512,537657444,clean,0,30
512,512,512,537657446,clean,0,30
512,512,512,537657448,clean,0,30
512,512,512,537657449,clean,0,30
512,512,512,537657450,clean,0,30
512,512,512,537657451,clean,0,30
512,512,512,537657452,clean,0,30
512,512,512,55,clean,0,30
512,512,512,537657389,clean,0,30
512,512,512,537657390,clean,0,30
512,512,512,537657391,clean,0,30
512,512,512,537657392,clean,0,30
513,513,513,537657393,clean,0,30
513,513,513,537657394,clean,0,30
513,513,513,537657395,clean,0,30
513,513,513,537657396,clean,0,30
513,513,513,537657397,clean,0,30
513,513,513,537657398,clean,0,30
513,513,513,537657399,clean,0,30
513,513,513,537657400,clean,0,30
513,513,513,537657401,clean,0,30
513,513,513,537657402,clean,0,30
513,513,513,537657403,clean,0,30
513,513,513,537657404,clean,0,30
513,513,513,537657405,clean,0,30
513,513,513,537657407,clean,0,30
513,513,513,537657408,clean,0,30
513,513,513,537657409,clean,0,30
513,513,513,537657410,clean,0,30
513,513,513,537657411,clean,0,30
513,513,513,537657413,clean,0,30
513,513,513,537657415,clean,0,30
513,513,513,537657416,clean,0,30
513,513,513,537657417,clean,0,30
513,513,513,537657418,clean,0,30
513,513,513,537657419,clean,0,30
513,513,513,537657421,clean,0,30
513,513,513,537657387,clean,0,30
513,513,513,537657388,clean,0,30
513,513,513,56,clean,0,30
513,513,513,537657422,clean,0,30
513,513,513,537657423,clean,0,30
513,513,513,537657424,clean,0,30
513,513,513,537657426,clean,0,30
513,513,513,537657427,clean,0,30
513,513,513,537657428,clean,0,30
513,513,513,537657429,clean,0,30
513,513,513,537657430,clean,0,30
513,513,513,537657431,clean,0,30
513,513,513,537657433,clean,0,30
513,513,513,537657435,clean,0,30
513,513,513,537657438,clean,0,30
513,513,513,537657439,clean,0,30
513,513,513,537657441,clean,0,30
513,513,513,537657443,clean,0,30
513,513,513,537657444,clean,0,30
513,513,513,537657446,clean,0,30
513,513,513,537657448,clean,0,30
513,513,513,537657449,clean,0,30
513,513,513,537657450,clean,0,30
513,513,513,537657451,clean,0,30
513,513,513,537657452,clean,0,30
513,513,513,55,clean,0,30
513,513,513,537657389,clean,0,30
513,513,513,537657390,clean,0,30
513,513,513,537657391,clean,0,30
513,513,513,537657392,clean,0,30
768,768,3072,537657393,clean,0,30
768,768,3072,537657394,clean,0,30
768,768,3072,537657395,clean,0,30
768,768,3072,537657396,clean,0,30
768,768,3072,537657397,clean,0,30
768,768,3072,537657398,clean,0,30
768,768,3072,537657399,clean,0,30
768,768,3072,537657400,clean,0,30
768,768,3072,537657401,clean,0,30
768,768,3072,537657402,clean,0,30
768,768,3072,537657403,clean,0,30
768,768,3072,537657404,clean,0,30
768,768,3072,537657405,clean,0,30
768,768,3072,537657407,clean,0,30
768,768,3072,537657408,clean,0,30
768,768,3072,537657409,clean,0,30
768,768,3072,537657410,clean,0,30
768,768,3072,537657411,clean,0,30
768,768,3072,537657413,clean,0,30
768,768,3072,537657415,clean,0,30
768,768,3072,537657416,clean,0,30
768,768,3072,537657417,clean,0,30
768,768,3072,537657418,clean,0,30
768,768,3072,537657419,clean,0,30
768,768,3072,537657421,clean,0,30
768,768,3072,537657387,clean,0,30
768,768,3072,537657388,clean,0,30
768,768,3072,56,clean,0,30
768,768,3072,537657422,clean,0,30
768,768,3072,537657423,clean,0,30
768,768,3072,537657424,clean,0,30
768,768,3072,537657426,clean,0,30
768,768,3072,537657427,clean,0,30
768,768,3072,537657428,clean,0,30
768,768,3072,537657429,clean,0,30
768,768,3072,537657430,clean,0,30
768,768,3072,537657431,clean,0,30
768,768,3072,537657433,clean,0,30
768,768,3072,537657435,clean,0,30
768,768,3072,537657438,clean,0,30
768,768,3072,537657439,clean,0,30
768,768,3072,537657441,clean,0,30
768,768,3072,537657443,clean,0,30
768,768,3072,537657444,clean,0,30
768,768,3072,537657446,clean,0,30
768,768,3072,537657448,clean,0,30
768,768,3072,537657449,clean,0,30
768,768,3072,537657450,clean,0,30
768,768,3072,537657451,clean,0,30
768,768,3072,537657452,clean,0,30
768,768,3072,55,clean,0,30
768,768,3072,537657389,clean,0,30
768,768,3072,537657390,clean,0,30
768,768,3072,537657391,clean,0,30
768,768,3072,537657392,clean,0,30
1024,1024,1024,537657393,clean,0,30
1024,1024,1024,537657394,clean,0,30
1024,1024,1024,537657395,clean,0,30
1024,1024,1024,537657396,clean,0,30
1024,1024,1024,537657397,clean,0,30
1024,1024,1024,537657398,clean,0,30
1024,1024,1024,537657399,clean,0,30
1024,1024,1024,537657400,clean,0,30
1024,1024,1024,537657401,clean,0,30
1024,1024,1024,537657402,clean,0,30
1024,1024,1024,537657403,clean,0,30
1024,1024,1024,537657404,clean,0,30
1024,1024,1024,537657405,clean,0,30
1024,1024,1024,537657407,clean,0,30
1024,1024,1024,537657408,clean,0,30
1024,1024,1024,537657409,clean,0,30
1024,1024,1024,537657410,clean,0,30
1024,1024,1024,537657411,clean,0,30
1024,1024,1024,537657413,clean,0,30
1024,1024,1024,537657415,clean,0,30
1024,1024,1024,537657416,clean,0,30
1024,1024,1024,537657417,clean,0,30
1024,1024,1024,537657418,clean,0,30
1024,1024,1024,537657419,clean,0,30
1024,1024,1024,537657421,clean,0,30
1024,1024,1024,537657387,clean,0,30
1024,1024,1024,537657388,clean,0,30
1024,1024,1024,56,clean,0,30
1024,1024,1024,537657422,clean,0,30
1024,1024,1024,537657423,clean,0,30
1024,1024,1024,537657424,clean,0,30
1024,1024,1024,537657426,clean,0,30
1024,1024,1024,537657427,clean,0,30
1024,1024,1024,537657428,clean,0,30
1024,1024,1024,537657429,clean,0,30
1024,1024,1024,537657430,clean,0,30
1024,1024,1024,537657431,clean,0,30
1024,1024,1024,537657433,clean,0,30
1024,1024,1024,537657435,clean,0,30
1024,1024,1024,537657438,clean,0,30
1024,1024,1024,537657439,clean,0,30
1024,1024,1024,537657441,clean,0,30
1024,1024,1024,537657443,clean,0,30
1024,1024,1024,537657444,clean,0,30
1024,1024,1024,537657446,clean,0,30
1024,1024,1024,537657448,clean,0,30
1024,1024,1024,537657449,clean,0,30
1024,1024,1024,537657450,clean,0,30
1024,1024,1024,537657451,clean,0,30
1024,1024,1024,537657452,clean,0,30
1024,1024,1024,55,clean,0,30
1024,1024,1024,537657389,clean,0,30
1024,1024,1024,537657390,clean,0,30
1024,1024,1024,537657391,clean,0,30
1024,1024,1024,537657392,clean,0,30
1,2048,2048,537657398,clean,0,30
1,2048,2048,537657399,clean,0,30
1,2048,2048,537657400,clean,0,30
1,2048,2048,537657401,clean,0,30
1,2048,2048,537657416,clean,0,30
1,2048,2048,537657417,clean,0,30
1,2048,2048,56,clean,0,30
1,2048,2048,537657423,clean,0,30
1,2048,2048,537657429,clean,0,30
1,2048,2048,55,clean,0,30
2048,2048,1,537657393,clean,0,30
2048,2048,1,537657394,clean,0,30
2048,2048,1,537657395,clean,0,30
2048,2048,1,537657396,clean,0,30
2048,2048,1,537657397,clean,0,30
2048,2048,1,537657398,clean,0,30
2048,2048,1,537657399,clean,0,30
2048,2048,1,537657400,clean,0,30
2048,2048,1,537657401,clean,0,30
2048,2048,1,537657402,clean,0,30
2048,2048,1,537657403,clean,0,30
2048,2048,1,537657404,clean,0,30
2048,2048,1,537657405,clean,0,30
2048,2048,1,537657407,clean,0,30
2048,2048,1,537657408,clean,0,30
2048,2048,1,537657409,clean,0,30
2048,2048,1,537657410,clean,0,30
2048,2048,1,537657411,clean,0,30
2048,2048,1,537657413,clean,0,30
2048,2048,1,537657415,clean,0,30
2048,2048,1,537657416,clean,0,30
2048,2048,1,537657417,clean,0,30
2048,2048,1,537657418,clean,0,30
2048,2048,1,537657419,clean,0,30
2048,2048,1,537657421,clean,0,30
2048,2048,1,537657387,clean,0,30
2048,2048,1,537657388,clean,0,30
2048,2048,1,56,clean,0,30
2048,2048,1,537657422,clean,0,30
2048,2048,1,537657423,clean,0,30
2048,2048,1,537657424,clean,0,30
2048,2048,1,537657426,clean,0,30
2048,2048,1,537657427,clean,0,30
2048,2048,1,537657428,clean,0,30
2048,2048,1,537657429,clean,0,30
2048,2048,1,537657430,clean,0,30
2048,2048,1,537657431,clean,0,30
2048,2048,1,537657433,clean,0,30
2048,2048,1,537657435,clean,0,30
2048,2048,1,537657438,clean,0,30
2048,2048,1,537657439,clean,0,30
2048,2048,1,537657441,clean,0,30
2048,2048,1,537657443,clean,0,30
2048,2048,1,537657444,clean,0,30
2048,2048,1,537657446,clean,0,30
2048,2048,1,537657448,clean,0,30
2048,2048,1,537657449,clean,0,30
2048,2048,1,537657450,clean,0,30
2048,2048,1,537657451,clean,0,30
2048,2048,1,537657452,clean,0,30
2048,2048,1,55,clean,0,30
2048,2048,1,537657389,clean,0,30
2048,2048,1,537657390,clean,0,30
2048,2048,1,537657391,clean,0,30
2048,2048,1,537657392,clean,0,30
4096,4096,4,537657393,clean,0,30
4096,4096,4,537657394,clean,0,30
4096,4096,4,537657395,clean,0,30
4096,4096,4,537657396,clean,0,30
4096,4096,4,537657397,clean,0,30
4096,4096,4,537657398,clean,0,30
4096,4096,4,537657399,clean,0,30
4096,4096,4,537657400,clean,0,30
4096,4096,4,537657401,clean,0,30
4096,4096,4,537657402,clean,0,30
4096,4096,4,537657403,clean,0,30
4096,4096,4,537657404,clean,0,30
4096,4096,4,537657405,clean,0,30
4096,4096,4,537657407,clean,0,30
4096,4096,4,537657408,clean,0,30
4096,4096,4,537657409,clean,0,30
4096,4096,4,537657410,clean,0,30
4096,4096,4,537657411,clean,0,30
4096,4096,4,537657413,clean,0,30
4096,4096,4,537657415,clean,0,30
4096,4096,4,537657416,clean,0,30
4096,4096,4,537657417,clean,0,30
4096,4096,4,537657418,clean,0,30
4096,4096,4,537657419,clean,0,30
4096,4096,4,537657421,clean,0,30
4096,4096,4,537657387,clean,0,30
4096,4096,4,537657388,clean,0,30
4096,4096,4,56,clean,0,30
4096,4096,4,537657422,clean,0,30
4096,4096,4,537657423,clean,0,30
4096,4096,4,537657424,clean,0,30
4096,4096,4,537657426,clean,0,30
4096,4096,4,537657427,clean,0,30
4096,4096,4,537657428,clean,0,30
4096,4096,4,537657429,clean,0,30
4096,4096,4,537657430,clean,0,30
4096,4096,4,537657431,clean,0,30
4096,4096,4,537657433,clean,0,30
4096,4096,4,537657435,clean,0,30
4096,4096,4,537657438,clean,0,30
4096,4096,4,537657439,clean,0,30
4096,4096,4,537657441,clean,0,30
4096,4096,4,537657443,clean,0,30
4096,4096,4,537657444,clean,0,30
4096,4096,4,537657446,clean,0,30
4096,4096,4,537657448,clean,0,30
4096,4096,4,537657449,clean,0,30
4096,4096,4,537657450,clean,0,30
4096,4096,4,537657451,clean,0,30
4096,4096,4,537657452,clean,0,30
4096,4096,4,55,clean,0,30
4096,4096,4,537657389,clean,0,30
4096,4096,4,537657390,clean,0,30
4096,4096,4,537657391,clean,0,30
4096,4096,4,537657392,clean,0,30
800,40,72,537657393,broken,2,30
800,40,72,537657394,broken,20,30
800,40,72,537657395,broken,2,30
800,40,72,537657396,broken,30,30
800,40,72,537657397,broken,30,30
800,40,72,537657398,broken,26,30
800,40,72,537657399,broken,25,30
800,40,72,537657400,broken,25,30
800,40,72,537657401,broken,29,30
800,40,72,537657402,broken,30,30
800,40,72,537657403,broken,6,30
800,40,72,537657404,clean,0,30
800,40,72,537657405,broken,3,30
800,40,72,537657407,broken,13,30
800,40,72,537657408,broken,28,30
800,40,72,537657409,broken,30,30
800,40,72,537657410,broken,1,30
800,40,72,537657411,clean,0,30
800,40,72,537657413,broken,29,30
800,40,72,537657415,broken,30,30
800,40,72,537657416,broken,30,30
800,40,72,537657417,broken,30,30
800,40,72,537657418,broken,20,30
800,40,72,537657419,broken,16,30
800,40,72,537657421,broken,30,30
800,40,72,537657387,clean,0,30
800,40,72,537657388,clean,0,30
800,40,72,56,broken,30,30
800,40,72,537657422,broken,3,30
800,40,72,537657423,broken,30,30
800,40,72,537657424,broken,1,30
800,40,72,537657426,broken,16,30
800,40,72,537657427,broken,29,30
800,40,72,537657428,broken,1,30
800,40,72,537657429,broken,30,30
800,40,72,537657430,clean,0,30
800,40,72,537657431,broken,6,30
800,40,72,537657433,broken,4,30
800,40,72,537657435,broken,2,30
800,40,72,537657438,broken,1,30
800,40,72,537657439,broken,30,30
800,40,72,537657441,broken,30,30
800,40,72,537657443,broken,30,30
800,40,72,537657444,broken,30,30
800,40,72,537657446,broken,30,30
800,40,72,537657448,broken,30,30
800,40,72,537657449,broken,30,30
800,40,72,537657450,broken,30,30
800,40,72,537657451,broken,30,30
800,40,72,537657452,broken,30,30
800,40,72,55,broken,30,30
800,40,72,537657389,broken,6,30
800,40,72,537657390,broken,1,30
800,40,72,537657391,broken,1,30
800,40,72,537657392,broken,5,30
72,800,40,537657393,broken,1,30
72,800,40,537657394,broken,21,30
72,800,40,537657395,broken,30,30
72,800,40,537657396,broken,2,30
72,800,40,537657397,clean,0,30
72,800,40,537657398,broken,2,30
72,800,40,537657399,broken,2,30
72,800,40,537657400,broken,30,30
72,800,40,537657401,clean,0,30
72,800,40,537657402,clean,0,30
72,800,40,537657403,broken,30,30
72,800,40,537657404,broken,30,30
72,800,40,537657405,broken,3,30
72,800,40,537657407,broken,30,30
72,800,40,537657408,broken,5,30
72,800,40,537657409,clean,0,30
72,800,40,537657410,broken,29,30
72,800,40,537657411,broken,30,30
72,800,40,537657413,broken,30,30
72,800,40,537657415,broken,2,30
72,800,40,537657416,clean,0,30
72,800,40,537657417,broken,30,30
72,800,40,537657418,broken,3,30
72,800,40,537657419,clean,0,30
72,800,40,537657421,broken,1,30
72,800,40,537657387,clean,0,30
72,800,40,537657388,broken,17,30
72,800,40,56,clean,0,30
72,800,40,537657422,broken,15,30
72,800,40,537657423,broken,1,30
72,800,40,537657424,broken,30,30
72,800,40,537657426,broken,30,30
72,800,40,537657427,broken,1,30
72,800,40,537657428,broken,1,30
72,800,40,537657429,broken,1,30
72,800,40,537657430,broken,1,30
72,800,40,537657431,broken,29,30
72,800,40,537657433,broken,30,30
72,800,40,537657435,broken,30,30
72,800,40,537657438,broken,30,30
72,800,40,537657439,clean,0,30
72,800,40,537657441,clean,0,30
72,800,40,537657443,clean,0,30
72,800,40,537657444,clean,0,30
72,800,40,537657446,clean,0,30
72,800,40,537657448,clean,0,30
72,800,40,537657449,clean,0,30
72,800,40,537657450,clean,0,30
72,800,40,537657451,clean,0,30
72,800,40,537657452,clean,0,30
72,800,40,55,clean,0,30
72,800,40,537657389,broken,15,30
72,800,40,537657390,broken,1,30
72,800,40,537657391,broken,1,30
72,800,40,537657392,broken,27,30
